<?xml version='1.0' encoding='UTF-8'?>
<package version="0.0.0" uuid="solitary-373185">
 <names>
  <name lang="en_US">solitary</name>
 </names>
 <descriptions>
  <description lang="en_US">机器人如果10秒内没人陪伴，它会说一些解闷的话。</description>
 </descriptions>
 <supportedLanguages>
  <language>en_US</language>
  <language>zh_CN</language>
 </supportedLanguages>
 <descriptionLanguages>
  <language>en_US</language>
  <language>zh_CN</language>
 </descriptionLanguages>
 <contents>
  <behaviorContent path="behavior_1">
   <userRequestable/>
   <nature>interactive</nature>
   <triggerSentences/>
   <loadingResponses/>
   <autonomous>
    <condition purpose="launchTrigger"><![CDATA[(('Launchpad/PeopleNotSeen' == 1) ~ 10) && ('Launchpad/PreviousActivity' !=
"solitary-bbeb30/behavior_1")]]></condition>
   </autonomous>
   <permissions/>
  </behaviorContent>
 </contents>
</package>
