<?xml version='1.0' encoding='UTF-8'?>
<package uuid="3-b3c6d4" version="0.0.0">
 <names>
  <name lang="en_US">Untitled</name>
 </names>
 <supportedLanguages>
  <language>en_US</language>
  <language>zh_CN</language>
 </supportedLanguages>
 <descriptionLanguages>
  <language>en_US</language>
  <language>zh_CN</language>
 </descriptionLanguages>
 <contents>
  <behaviorContent path="behavior_1">
   <userRequestable/>
   <nature>interactive</nature>
   <triggerSentences/>
   <loadingResponses/>
   <autonomous/>
   <permissions/>
  </behaviorContent>
 </contents>
</package>
