<?xml version='1.0' encoding='UTF-8'?>
<package version="0.0.0" uuid="12-630c99">
 <names>
  <name lang="en_US">人脸检测功能</name>
  <name lang="zh_CN">人脸检测功能</name>
 </names>
 <supportedLanguages>
  <language>en_US</language>
  <language>zh_CN</language>
 </supportedLanguages>
 <descriptionLanguages>
  <language>en_US</language>
  <language>zh_CN</language>
 </descriptionLanguages>
 <contents>
  <behaviorContent path="behavior_1">
   <userRequestable/>
   <nature>interactive</nature>
   <permissions/>
  </behaviorContent>
 </contents>
</package>
